Training Loss,Epoch,Step,Validation Loss,Accuracy,F1,Precision,Recall
,1.0,4210,0.22640910744667053,0.9277522935779816,0.929608938547486,0.9223946784922394,0.9369369369369369
,2.0,8420,0.21298357844352722,0.9334862385321101,0.9346846846846847,0.9346846846846847,0.9346846846846847
,3.0,12630,0.2501617968082428,0.9277522935779816,0.9297658862876255,0.9205298013245033,0.9391891891891891
