Training Loss,Epoch,Step,Validation Loss,Accuracy,F1,Precision,Recall
,1.0,90962,0.43139323592185974,0.8632945832302745,0.8216463906547484,0.7905489319423745,0.8552905609674168
,2.0,181924,0.39628466963768005,0.8796932970566411,0.8403256516315409,0.8216601399499261,0.8598589183742023
,3.0,272886,0.39134347438812256,0.885951026465496,0.8469682386910491,0.836940836940837,0.8572388310379577
