Training Loss,Epoch,Step,Validation Loss,Accuracy,F1,Precision,Recall
,1.0,24544,0.4039202332496643,0.8464595007641366,0.8451722884822339,0.8456753416244619,0.8458393385932288
,2.0,49088,0.38069233298301697,0.8614365766683647,0.8610800514490556,0.861458377843957,0.8615207754421178
,3.0,73632,0.370070219039917,0.872949566989302,0.87228362868048,0.8722335210475151,0.8725349035974727
