Training Loss,Epoch,Step,Validation Loss,Accuracy,F1,Precision,Recall
,1.0,90962,0.4037752151489258,0.8667573583972298,0.8298752565924522,0.783015494636472,0.882700705408129
,2.0,181924,0.37863102555274963,0.8819193668068266,0.8451809573226099,0.8169393768415774,0.8754450789385287
,3.0,272886,0.3886024057865143,0.8886470442740539,0.8529719137818419,0.8299332697807436,0.8773261672824991
