Training Loss,Epoch,Step,Validation Loss,Accuracy,F1,Precision,Recall
,1.0,90962,0.41421815752983093,0.8688350234974029,0.8250239218662355,0.8106600959668007,0.8399059455828015
,2.0,181924,0.42348402738571167,0.8799159040316596,0.8411893624676982,0.8197118449572868,0.8638226402418542
,3.0,272886,0.41025272011756897,0.8868167202572347,0.8485670792243034,0.8361703515293811,0.8613369163587504
