Training Loss,Epoch,Step,Validation Loss,Accuracy,F1,Precision,Recall
,1.0,230,0.381878137588501,0.8480392156862745,0.8900709219858156,0.8807017543859649,0.899641577060932
,2.0,460,0.33045586943626404,0.8529411764705882,0.8863636363636364,0.9397590361445783,0.8387096774193549
,3.0,690,0.30803391337394714,0.8700980392156863,0.9041591320072333,0.9124087591240876,0.8960573476702509
