Training Loss,Epoch,Step,Validation Loss,Accuracy,F1,Precision,Recall
,1.0,24544,0.4168620705604553,0.8430973000509424,0.8415473862902357,0.8417412167809352,0.8418897810973837
,2.0,49088,0.37472712993621826,0.8600101884870097,0.8593290879312944,0.8593477136900968,0.8595431708452376
,3.0,73632,0.36983445286750793,0.8685685175751401,0.8678103108743178,0.8677965676467881,0.8679724505936796
