Training Loss,Epoch,Step,Validation Loss,Accuracy,F1,Precision,Recall
,1.0,24544,0.4241305887699127,0.8421803362200713,0.8412082839646406,0.8413055487045932,0.8416787577058576
,2.0,49088,0.3795974850654602,0.8570555272542028,0.8563262250818237,0.8564369496247813,0.85636487189934
,3.0,73632,0.37961769104003906,0.8641874681609781,0.8634330328590373,0.8634016428916887,0.8636967164364809
