Training Loss,Epoch,Step,Validation Loss,Accuracy,F1,Precision,Recall
,1.0,90962,0.38861343264579773,0.8649023002720752,0.8244407302648495,0.7903494176372712,0.8616056432650319
,2.0,181924,0.36996302008628845,0.87867919861489,0.8380386329866271,0.824025974025974,0.8525361101780315
,3.0,272886,0.3861675560474396,0.8893890675241157,0.8535786785410254,0.832534968384748,0.8757138058448102
