Training Loss,Epoch,Step,Validation Loss,Accuracy,F1,Precision,Recall
,1.0,230,0.3809659481048584,0.8382352941176471,0.8740458015267175,0.9346938775510204,0.8207885304659498
,2.0,460,0.3356977701187134,0.8529411764705882,0.8867924528301887,0.9362549800796812,0.8422939068100358
,3.0,690,0.33030906319618225,0.8651960784313726,0.9005424954792043,0.9087591240875912,0.8924731182795699
