Training Loss,Epoch,Step,Validation Loss,Accuracy,F1,Precision,Recall
,1.0,24544,0.8510380387306213,0.6898624554253693,0.6856054567693963,0.6945850426020478,0.6866036245060007
,2.0,49088,0.7972474694252014,0.7183902190524707,0.7181977711484766,0.7297646200852076,0.7183173065226987
,3.0,73632,0.7759853005409241,0.7273560876209882,0.7257109783033409,0.725937516992169,0.7256312148144922
