Training Loss,Epoch,Step,Validation Loss,Accuracy,F1,Precision,Recall
,1.0,230,0.4286649823188782,0.8112745098039216,0.8735632183908046,0.806060606060606,0.953405017921147
,2.0,460,0.3035106360912323,0.8725490196078431,0.9078014184397163,0.8982456140350877,0.9175627240143369
,3.0,690,0.3074590861797333,0.8799019607843137,0.9123434704830053,0.9107142857142857,0.9139784946236559
