Training Loss,Epoch,Step,Validation Loss,Accuracy,F1,Precision,Recall
,1.0,24544,0.40260303020477295,0.8466632705043301,0.845360228153749,0.8453684544500749,0.845653328852689
,2.0,49088,0.37750476598739624,0.8633723892002038,0.8623874216567643,0.8624117765796079,0.86236458567137
,3.0,73632,0.3760221004486084,0.8653082017320428,0.8644191274886728,0.8643639244918263,0.8645621168134902
