Training Loss,Epoch,Step,Validation Loss,Accuracy,F1,Precision,Recall
,1.0,4210,0.23318493366241455,0.9254587155963303,0.9262202043132803,0.9336384439359268,0.918918918918919
,2.0,8420,0.2219117134809494,0.9392201834862385,0.9406494960806271,0.9354120267260579,0.9459459459459459
,3.0,12630,0.2182818055152893,0.9392201834862385,0.9405162738496072,0.9373601789709173,0.9436936936936937
