Training Loss,Epoch,Step,Validation Loss,Accuracy,F1,Precision,Recall
,1.0,24544,0.44045865535736084,0.8349465104431992,0.833413785519285,0.8342152594700513,0.8339575511863919
,2.0,49088,0.3955748975276947,0.8512480896586857,0.8504211068661932,0.8504318655966271,0.8504558517870008
,3.0,73632,0.3911760449409485,0.854508405501783,0.853714443203291,0.8536327586722822,0.8539632034738402
