Training Loss,Epoch,Step,Validation Loss,Accuracy,F1,Precision,Recall
,1.0,24544,0.41046759486198425,0.8496179317371371,0.8483701300740308,0.8489709513819004,0.8490338388726286
,2.0,49088,0.3764500617980957,0.8651044319918492,0.8643557173071365,0.8643781491066928,0.8644569513180627
,3.0,73632,0.3672271966934204,0.8728476821192053,0.8720577525210297,0.8719874645155029,0.8722277887085346
