Training Loss,Epoch,Step,Validation Loss,Accuracy,F1,Precision,Recall
,1.0,24544,0.6303187608718872,0.7736118186449312,0.772507178954199,0.7731084806820882,0.7728057863203369
,2.0,49088,0.5917351245880127,0.7897096281202242,0.7881639878018222,0.7883939596096635,0.7883490227625675
,3.0,73632,0.5772030353546143,0.7957208354559347,0.7945212037032271,0.794610693994294,0.7947186920480829
