Training Loss,Epoch,Step,Validation Loss,Accuracy,F1,Precision,Recall
,1.0,24544,0.5280936360359192,0.8121242995415181,0.8102871885303008,0.8108444756845984,0.8106527943837385
,2.0,49088,0.4908936321735382,0.8269994905756495,0.8255639287733066,0.8256572348166178,0.8257692016056181
,3.0,73632,0.47753146290779114,0.8322975038206827,0.8309733044368443,0.8310006290993726,0.8311812182009691
