Training Loss,Epoch,Step,Validation Loss,Accuracy,F1,Precision,Recall
,1.0,24544,0.5995923280715942,0.7866530820173204,0.7851286797225154,0.7859389309738338,0.7854772587974875
,2.0,49088,0.5475872755050659,0.8094752929190016,0.8072129239493414,0.8083462824221876,0.8072658662727868
,3.0,73632,0.5313588380813599,0.8149770759042282,0.8136577072972556,0.8136241631198414,0.8137760351442512
