Training Loss,Epoch,Step,Validation Loss,Accuracy,F1,Precision,Recall
,1.0,24544,0.42586785554885864,0.8365766683647479,0.8364661505207925,0.8384640626273282,0.8365181342884824
,2.0,49088,0.3865795135498047,0.8571574121242995,0.8568289543265148,0.85740936308845,0.8569155036830388
,3.0,73632,0.3746313750743866,0.8654100866021396,0.8646413414548704,0.8645636395548699,0.8648533672450127
