Training Loss,Epoch,Step,Validation Loss,Accuracy,F1,Precision,Recall
,1.0,24544,0.4368773400783539,0.8317880794701987,0.8312513582510147,0.831727897009948,0.8315405224144773
,2.0,49088,0.407291442155838,0.8475802343352012,0.8466079555169537,0.8465791427846764,0.8466403005905375
,3.0,73632,0.3896968960762024,0.8588894549159449,0.8581135631098856,0.8580541986969116,0.8582976960392951
