Training Loss,Epoch,Step,Validation Loss,Accuracy,F1,Precision,Recall
,1.0,24544,0.6933373212814331,0.7539480387162506,0.7521850271152327,0.7528161494479971,0.7522089736497275
,2.0,49088,0.6676753163337708,0.7624044829342843,0.7607863057862483,0.7613092686534175,0.7607377563675218
,3.0,73632,0.6403820514678955,0.7750382068262863,0.7734250804189601,0.774060212138841,0.773338931227325
