Training Loss,Epoch,Step,Validation Loss,Accuracy,F1,Precision,Recall
,1.0,90962,0.40488576889038086,0.8595844669799654,0.8187014977804745,0.7802532261991721,0.8611353711790393
,2.0,181924,0.4125030040740967,0.876675735839723,0.8370588235294117,0.8149538657333758,0.8603963721867652
,3.0,272886,0.4066700041294098,0.8834281474152856,0.8452165916778877,0.8267797481367257,0.8644944575075579
