Training Loss,Epoch,Step,Validation Loss,Accuracy,F1,Precision,Recall
,1.0,24544,0.4542556703090668,0.8300560366785532,0.828520680298458,0.8286382169830397,0.8288200525076604
,2.0,49088,0.41355037689208984,0.8419765664798777,0.8412804563617257,0.8416232433824732,0.841208401688875
,3.0,73632,0.39269375801086426,0.8550178298522669,0.854288897786768,0.8542387359143028,0.8545070062980145
