Training Loss,Epoch,Step,Validation Loss,Accuracy,F1,Precision,Recall
,1.0,230,0.4101657569408417,0.821078431372549,0.8785357737104825,0.8198757763975155,0.946236559139785
,2.0,460,0.3070247769355774,0.8823529411764706,0.9148936170212766,0.9052631578947369,0.9247311827956989
,3.0,690,0.317425400018692,0.8725490196078431,0.9084507042253521,0.8927335640138409,0.9247311827956989
