Training Loss,Epoch,Step,Validation Loss,Accuracy,F1,Precision,Recall
,1.0,4210,0.20831021666526794,0.9323394495412844,0.9322617680826636,0.9508196721311475,0.9144144144144144
,2.0,8420,0.2259914129972458,0.9323394495412844,0.9342251950947603,0.9249448123620309,0.9436936936936937
,3.0,12630,0.22362355887889862,0.9369266055045872,0.9379932356257046,0.9390519187358917,0.9369369369369369
