Training Loss,Epoch,Step,Validation Loss,Accuracy,F1,Precision,Recall
,1.0,4210,0.22003337740898132,0.926605504587156,0.9260969976905312,0.9502369668246445,0.9031531531531531
,2.0,8420,0.21441391110420227,0.9357798165137615,0.9360730593607306,0.9490740740740741,0.9234234234234234
,3.0,12630,0.21282611787319183,0.9380733944954128,0.9393258426966292,0.9372197309417041,0.9414414414414415
