Training Loss,Epoch,Step,Validation Loss,Accuracy,F1,Precision,Recall
,1.0,4210,0.1994340568780899,0.9403669724770642,0.941834451901566,0.9355555555555556,0.9481981981981982
,2.0,8420,0.21309280395507812,0.930045871559633,0.9324473975636767,0.9172113289760349,0.9481981981981982
,3.0,12630,0.22896181046962738,0.9346330275229358,0.9365962180200222,0.9252747252747253,0.9481981981981982
