Training Loss,Epoch,Step,Validation Loss,Accuracy,F1,Precision,Recall
,1.0,230,0.34831559658050537,0.8480392156862745,0.8864468864468864,0.9063670411985019,0.8673835125448028
,2.0,460,0.3073325455188751,0.8774509803921569,0.910394265232975,0.910394265232975,0.910394265232975
,3.0,690,0.3065640926361084,0.8774509803921569,0.9113475177304965,0.9017543859649123,0.921146953405018
