Training Loss,Epoch,Step,Validation Loss,Accuracy,F1,Precision,Recall
,1.0,24544,0.4392337203025818,0.8323993886907795,0.8312628423984706,0.8314411604199122,0.83172642146716
,2.0,49088,0.41574302315711975,0.8403464085583291,0.8391978954669245,0.8396055558190577,0.8389805342536022
,3.0,73632,0.39653661847114563,0.8503311258278146,0.8493084025764975,0.8492362437221432,0.8494206141278609
